language,registry_key,status,confidence,line_comments,block_comments,termination_behavior,nested_comments,recommended_action,docs_source,implementation_source,report_file
2-Dimensional Array,two_dimensional_array,needs_research_or_confirmation,unresolved,unresolved,unresolved,unresolved,unknown,needs manual research,unresolved,unresolved,docs/comment_research/chunk_0_nonalpha_a_report.md
API Blueprint,api_blueprint,needs_research_or_confirmation,medium,unsupported,<!-- -->,line comments unsupported; block comments terminate at first closing delimiter,no,candidate,https://apiblueprint.org/documentation/specification.html,https://github.com/apiaryio/drafter,docs/comment_research/chunk_0_nonalpha_a_report.md
ASP.NET,aspnet,needs_research_or_confirmation,candidate,`//` in embedded C# / `'` in embedded VB,`@* *@` in Razor; `/* */` in embedded C#; `<!-- -->` in markup,line comments terminate at end-of-line; Razor comments terminate at the first closing `*@`; HTML comments terminate at the first closing `-->`,no,candidate,https://learn.microsoft.com/en-us/aspnet/web-pages/overview/getting-started/introducing-razor-syntax-c,GitHub Linguist languages.yml,docs/comment_research/chunk_0_nonalpha_a_report.md
Altium Designer,altium_designer,needs_research_or_confirmation,unresolved,unresolved,unresolved,unresolved,unknown,needs manual research,https://www.altium.com/documentation/altium-designer/document-commenting,unresolved,docs/comment_research/chunk_0_nonalpha_a_report.md
Apollo Guidance Computer,apollo_guidance_computer,needs_research_or_confirmation,candidate,#,unsupported,line comments terminate at end-of-line; block comments unsupported,no,candidate,https://www.ibiblio.org/apollo/assembly_language_manual.html,https://www.ibiblio.org/apollo/yaYUL.html,docs/comment_research/chunk_0_nonalpha_a_report.md
Arc,arc,needs_research_or_confirmation,candidate,;,unsupported,line comments terminate at end-of-line; block comments unsupported,no,candidate,https://www.paulgraham.com/arc.html,GitHub Linguist languages.yml,docs/comment_research/chunk_0_nonalpha_a_report.md
Beef,beef,needs_research_or_confirmation,medium,//,/* ... */,first closing delimiter wins,unsupported,Verify against the Beef language reference before seeding.,unresolved,unresolved,docs/comment_research/chunk_1_b_c_report.md
Berry,berry,needs_research_or_confirmation,medium,#,unsupported,unsupported,unsupported,Verify against Berry docs and add hash-comment tests.,unresolved,unresolved,docs/comment_research/chunk_1_b_c_report.md
Bicep,bicep,needs_research_or_confirmation,medium,//,/* ... */,first closing delimiter wins,unsupported,Verify the exact doc page and add C-like comment tests.,[Bicep file syntax](https://learn.microsoft.com/en-us/azure/azure-resource-manager/bicep/file),unresolved,docs/comment_research/chunk_1_b_c_report.md
Bikeshed,bikeshed,needs_research_or_confirmation,low,unresolved,"`<!-- ... -->` is the best candidate, but this needs verification.",first closing delimiter wins,`unsupported` if HTML comments are the only supported form.,Research Bikeshed's parser/docs before adding a registry entry.,unresolved,unresolved,docs/comment_research/chunk_1_b_c_report.md
BitBake,bitbake,needs_research_or_confirmation,medium,#,unsupported,unsupported,unsupported,Verify against Yocto/BitBake docs and add hash-comment tests.,unresolved,unresolved,docs/comment_research/chunk_1_b_c_report.md
BlitzBasic,blitzbasic,needs_research_or_confirmation,medium,;,unsupported,unsupported,unsupported,Verify against the BlitzBasic reference and add semicolon-comment tests.,unresolved,unresolved,docs/comment_research/chunk_1_b_c_report.md
BlitzMax,blitzmax,needs_research_or_confirmation,medium,Rem` and `',unsupported,unsupported,unsupported,Verify dialect details and add tests for both line-comment forms.,[BlitzMax comments](https://blitzmax.org/docs/en/language/comments/),unresolved,docs/comment_research/chunk_1_b_c_report.md
Bluespec,bluespec,needs_research_or_confirmation,medium,//,/* ... */,first closing delimiter wins,unsupported,Verify against the Bluespec language reference and add C-like comment tests.,unresolved,unresolved,docs/comment_research/chunk_1_b_c_report.md
Boo,boo,needs_research_or_confirmation,low,#,unresolved,unresolved,unresolved,Research Boo comment syntax before seeding.,unresolved,unresolved,docs/comment_research/chunk_1_b_c_report.md
Boogie,boogie,needs_research_or_confirmation,medium,//,/* ... */,first closing delimiter wins,unsupported,Verify against the Boogie reference and add C-like comment tests.,unresolved,unresolved,docs/comment_research/chunk_1_b_c_report.md
Brainfuck,brainfuck,resolved_non_actionable,high,unsupported,unsupported,unsupported,unsupported,Document that non-command characters are ignored rather than treated as comments.,unresolved,unresolved,docs/comment_research/chunk_1_b_c_report.md
BrighterScript,brighterscript,needs_research_or_confirmation,medium,'` and `REM,unsupported,unsupported,unsupported,Verify against BrighterScript docs and add BASIC-style comment tests.,unresolved,unresolved,docs/comment_research/chunk_1_b_c_report.md
Brightscript,brightscript,needs_research_or_confirmation,medium,'` and `REM,unsupported,unsupported,unsupported,Verify against Roku docs and add BASIC-style comment tests.,unresolved,unresolved,docs/comment_research/chunk_1_b_c_report.md
Browserslist,browserslist,needs_research_or_confirmation,medium,#,unsupported,unsupported,unsupported,Confirm config-file comment handling and add hash-comment tests.,unresolved,unresolved,docs/comment_research/chunk_1_b_c_report.md
CAP CDS,cap_cds,needs_research_or_confirmation,medium,//,/* ... */,first closing delimiter wins,unsupported,Verify against SAP CAP CDS docs and add C-like comment tests.,unresolved,unresolved,docs/comment_research/chunk_1_b_c_report.md
CIL,cil,needs_research_or_confirmation,low,//,/* ... */,first closing delimiter wins,unsupported,Verify against the IL syntax docs and add C-style comment tests.,unresolved,unresolved,docs/comment_research/chunk_1_b_c_report.md
CLIPS,clips,needs_research_or_confirmation,medium,;,/* ... */,first closing delimiter wins,unsupported,Verify CLIPS comment syntax and add line/block tests.,unresolved,unresolved,docs/comment_research/chunk_1_b_c_report.md
CSON,cson,needs_research_or_confirmation,medium,#,### ... ###,first closing delimiter wins,unsupported,Verify against CSON docs and add CoffeeScript-style comment tests.,unresolved,unresolved,docs/comment_research/chunk_1_b_c_report.md
CSV,csv,resolved_non_actionable,high,unsupported,unsupported,unsupported,unsupported,Document as commentless unless a specific dialect is introduced.,unresolved,unresolved,docs/comment_research/chunk_1_b_c_report.md
CWeb,cweb,needs_research_or_confirmation,low,unresolved,unresolved,unresolved,unresolved,Research WEB/CWEB comment conventions before seeding.,unresolved,unresolved,docs/comment_research/chunk_1_b_c_report.md
Cabal Config,cabal_config,needs_research_or_confirmation,medium,--,unsupported,unsupported,unsupported,Verify against Cabal syntax docs and add line-comment tests.,unresolved,unresolved,docs/comment_research/chunk_1_b_c_report.md
Cadence,cadence,needs_research_or_confirmation,medium,//,/* ... */,first closing delimiter wins,unsupported,Verify against Cadence docs and add C-like comment tests.,unresolved,unresolved,docs/comment_research/chunk_1_b_c_report.md
CartoCSS,cartocss,needs_research_or_confirmation,low,//,/* ... */,first closing delimiter wins,unsupported,Verify against CartoCSS docs before seeding.,unresolved,unresolved,docs/comment_research/chunk_1_b_c_report.md
Ceylon,ceylon,needs_research_or_confirmation,medium,//,/* ... */,first closing delimiter wins,unsupported,Verify against Ceylon docs and add C-like comment tests.,unresolved,unresolved,docs/comment_research/chunk_1_b_c_report.md
Chapel,chapel,needs_research_or_confirmation,low,//,/* ... */,first closing delimiter wins,unsupported,Verify against Chapel docs and add C-like comment tests.,unresolved,unresolved,docs/comment_research/chunk_1_b_c_report.md
Checksums,checksums,needs_research_or_confirmation,low,#,unsupported,unsupported,unsupported,Confirm the file format before adding a registry entry.,unresolved,unresolved,docs/comment_research/chunk_1_b_c_report.md
Cirru,cirru,needs_research_or_confirmation,low,unresolved,unresolved,unresolved,unresolved,Research Cirru syntax before adding registry support.,unresolved,unresolved,docs/comment_research/chunk_1_b_c_report.md
Clarion,clarion,needs_research_or_confirmation,low,!,unsupported,unsupported,unsupported,Verify Clarion comment syntax before seeding.,unresolved,unresolved,docs/comment_research/chunk_1_b_c_report.md
Classic ASP,classic_asp,needs_research_or_confirmation,low,unsupported,<!-- ... -->,first closing delimiter wins,unsupported,Treat as a mixed-language format and verify HTML/script comment handling separately.,unresolved,unresolved,docs/comment_research/chunk_1_b_c_report.md
Clean,clean,needs_research_or_confirmation,low,//,/* ... */,first closing delimiter wins,unresolved,Verify Clean comment nesting before seeding.,unresolved,unresolved,docs/comment_research/chunk_1_b_c_report.md
Click,click,needs_research_or_confirmation,medium,#,unsupported,unsupported,unsupported,Add hash-comment tests after confirming the Click parser docs.,unresolved,unresolved,docs/comment_research/chunk_1_b_c_report.md
Closure Templates,closure_templates,needs_research_or_confirmation,low,unsupported,{* ... *},first closing delimiter wins,unsupported,Verify Soy/Closure Templates comment syntax before seeding.,unresolved,unresolved,docs/comment_research/chunk_1_b_c_report.md
Cloud Firestore Security Rules,cloud_firestore_security_rules,needs_research_or_confirmation,medium,//,/* ... */,first closing delimiter wins,unsupported,Verify against Firestore rules docs and add C-like comment tests.,unresolved,unresolved,docs/comment_research/chunk_1_b_c_report.md
CodeQL,codeql,needs_research_or_confirmation,medium,//,/* ... */,first closing delimiter wins,unsupported,Verify against the QL language reference and add C-like comment tests.,unresolved,unresolved,docs/comment_research/chunk_1_b_c_report.md
CoffeeScript,coffeescript,needs_research_or_confirmation,high,#,### ... ###,first closing delimiter wins,unsupported,Seed line/block coverage and confirm block-comment stripping in tests.,https://coffeescript.org/,unresolved,docs/comment_research/chunk_1_b_c_report.md
ColdFusion,coldfusion,needs_research_or_confirmation,medium,unsupported,<!--- ... --->,first closing delimiter wins,unsupported,Verify CFML comment handling and add template-comment tests.,unresolved,unresolved,docs/comment_research/chunk_1_b_c_report.md
ColdFusion CFC,coldfusion_cfc,needs_research_or_confirmation,medium,unsupported,<!--- ... --->,first closing delimiter wins,unsupported,Verify CFML component comment handling and add template-comment tests.,unresolved,unresolved,docs/comment_research/chunk_1_b_c_report.md
Common Workflow Language,common_workflow_language,needs_research_or_confirmation,medium,#,unsupported,unsupported,unsupported,Verify YAML-based comment handling and add hash-comment tests.,unresolved,unresolved,docs/comment_research/chunk_1_b_c_report.md
Component Pascal,component_pascal,needs_research_or_confirmation,low,unresolved,(* ... *),first closing delimiter wins,unsupported,Verify before seeding; only the block delimiter is tentatively known.,unresolved,unresolved,docs/comment_research/chunk_1_b_c_report.md
Cool,cool,needs_research_or_confirmation,medium,--,(* ... *),true nesting supported,yes,Verify COOL nesting semantics and add line/block tests.,unresolved,unresolved,docs/comment_research/chunk_1_b_c_report.md
Creole,creole,needs_research_or_confirmation,low,unresolved,unresolved,unresolved,unresolved,Research the wiki syntax before seeding.,unresolved,unresolved,docs/comment_research/chunk_1_b_c_report.md
Csound,csound,needs_research_or_confirmation,medium,;,/* ... */,first closing delimiter wins,unsupported,Verify against Csound docs and add line/block tests.,unresolved,unresolved,docs/comment_research/chunk_1_b_c_report.md
Csound Document,csound_document,needs_research_or_confirmation,low,;,/* ... */,first closing delimiter wins,unsupported,Verify the document dialect before seeding.,unresolved,unresolved,docs/comment_research/chunk_1_b_c_report.md
Csound Score,csound_score,needs_research_or_confirmation,low,;,/* ... */,first closing delimiter wins,unsupported,Verify the score dialect before seeding.,unresolved,unresolved,docs/comment_research/chunk_1_b_c_report.md
Cue Sheet,cue_sheet,needs_research_or_confirmation,low,REM` and `#,unsupported,unsupported,unsupported,Verify cue-sheet syntax before seeding.,unresolved,unresolved,docs/comment_research/chunk_1_b_c_report.md
Cycript,cycript,needs_research_or_confirmation,medium,//,/* ... */,first closing delimiter wins,unsupported,Verify against Cycript docs and add C-like comment tests.,unresolved,unresolved,docs/comment_research/chunk_1_b_c_report.md
DenizenScript,denizenscript,needs_research_or_confirmation,medium,`#` likely supported,unresolved,runs to newline,unsupported,verify the comment form against an official parser or docs page before registry changes.,unresolved,src/ml4setk/Parsing/Comments/registry.py,docs/comment_research/chunk_2_d_f_report.md
Diff,diff,resolved_non_actionable,high,unsupported,unsupported,unsupported,unsupported,leave unsupported.,https://www.gnu.org/software/diffutils/manual/html_node/Unified-Format.html,src/ml4setk/Parsing/Comments/registry.py,docs/comment_research/chunk_2_d_f_report.md
E,e,needs_research_or_confirmation,unresolved,unresolved,unresolved,unresolved,unresolved,identify the exact language and source manual first.,unresolved,src/ml4setk/Parsing/Comments/registry.py,docs/comment_research/chunk_2_d_f_report.md
EBNF,ebnf,needs_research_or_confirmation,unresolved,unresolved,unresolved,unresolved,unresolved,identify the exact EBNF dialect in scope before adding syntax.,unresolved,src/ml4setk/Parsing/Comments/registry.py,docs/comment_research/chunk_2_d_f_report.md
EQ,eq,needs_research_or_confirmation,unresolved,unresolved,unresolved,unresolved,unresolved,identify the language before adding syntax.,unresolved,src/ml4setk/Parsing/Comments/registry.py,docs/comment_research/chunk_2_d_f_report.md
Eagle,eagle,needs_research_or_confirmation,unresolved,unresolved,unresolved,unresolved,unresolved,identify the exact format or language before adding syntax.,unresolved,src/ml4setk/Parsing/Comments/registry.py,docs/comment_research/chunk_2_d_f_report.md
Edje Data Collection,edje_data_collection,needs_research_or_confirmation,unresolved,unresolved,unresolved,unresolved,unresolved,confirm the `.edc` syntax before adding a registry entry.,unresolved,src/ml4setk/Parsing/Comments/registry.py,docs/comment_research/chunk_2_d_f_report.md
EmberScript,emberscript,needs_research_or_confirmation,medium,`#` supported,`### ... ###` supported,first closing delimiter wins,unsupported,keep this as a corpus-backed entry until an official syntax page or grammar is pinned.,unresolved,https://github.com/ghempton/ember-script,docs/comment_research/chunk_2_d_f_report.md
F*,f_star,needs_research_or_confirmation,medium,`//` supported,`(* ... *)` supported,first closing delimiter wins,unresolved,add line and block tests now; confirm nesting before encoding it as supported.,https://fstar-lang.org/tutorial/book/part1/part1_getting_off_the_ground.html,https://github.com/FStarLang/FStar,docs/comment_research/chunk_2_d_f_report.md
FIGlet Font,figlet_font,needs_research_or_confirmation,unresolved,unresolved,unresolved,unresolved,unresolved,identify the exact font-file format before adding syntax.,unresolved,src/ml4setk/Parsing/Comments/registry.py,docs/comment_research/chunk_2_d_f_report.md
FLUX,flux,needs_research_or_confirmation,unresolved,unresolved,unresolved,unresolved,unresolved,pin the exact FLUX language or format first.,unresolved,src/ml4setk/Parsing/Comments/registry.py,docs/comment_research/chunk_2_d_f_report.md
Fennel,fennel,needs_research_or_confirmation,medium,`;` supported,unsupported,runs to newline,unsupported,keep the corpus-backed line-comment rule and avoid inventing block syntax.,unresolved,https://github.com/bakpakin/Fennel,docs/comment_research/chunk_2_d_f_report.md
Filebench WML,filebench_wml,needs_research_or_confirmation,unresolved,unresolved,unresolved,unresolved,unresolved,verify the WML syntax from Filebench docs first.,unresolved,src/ml4setk/Parsing/Comments/registry.py,docs/comment_research/chunk_2_d_f_report.md
Formatted,formatted,needs_research_or_confirmation,unresolved,unresolved,unresolved,unresolved,unresolved,"determine what ""Formatted"" refers to in Stack v2.",unresolved,src/ml4setk/Parsing/Comments/registry.py,docs/comment_research/chunk_2_d_f_report.md
Frege,frege,needs_research_or_confirmation,medium,`--` supported,`{- ... -}` supported,first closing delimiter wins,unresolved,"keep the Haskell-like line and block forms, then confirm nesting against a parser or lexer before registry changes.",https://www.frege-lang.org/doc/frege/Prelude.html,https://github.com/Frege/frege,docs/comment_research/chunk_2_d_f_report.md
GAML,gaml,needs_research_or_confirmation,medium,//,unresolved,line comments end at newline; block comments unresolved,unsupported,Confirm whether GAML has a distinct block-comment form in the grammar or corpus before adding registry support.,https://gama-platform.org/wiki/GamlLanguage,unresolved,docs/comment_research/chunk_3_g_i_report.md
GCC Machine Description,gcc_machine_description,needs_research_or_confirmation,unresolved,unresolved,unresolved,unresolved,unresolved,Leave unsupported until an official GCC machine-description syntax source is located.,unresolved,unresolved,docs/comment_research/chunk_3_g_i_report.md
GEDCOM,gedcom,needs_research_or_confirmation,unresolved,unresolved,unresolved,unresolved,unresolved,Keep unsupported unless a dialect-specific GEDCOM source documents a real comment form.,unresolved,unresolved,docs/comment_research/chunk_3_g_i_report.md
GSC,gsc,needs_research_or_confirmation,unresolved,unresolved,unresolved,unresolved,unresolved,Leave unsupported until a verified GSC syntax source is found.,unresolved,unresolved,docs/comment_research/chunk_3_g_i_report.md
Gemfile.lock,gemfile_lock,needs_research_or_confirmation,unsupported,unsupported,unsupported,unsupported,unsupported,Keep unsupported and exclude this file type from comment parsing tests.,Ruby/Bundler lockfile format; no comment syntax located,unresolved,docs/comment_research/chunk_3_g_i_report.md
Genero,genero,needs_research_or_confirmation,unresolved,unresolved,unresolved,unresolved,unresolved,Research the official Genero language manual and grammar before adding support.,unresolved,unresolved,docs/comment_research/chunk_3_g_i_report.md
Genero Forms,genero_forms,needs_research_or_confirmation,unresolved,unresolved,unresolved,unresolved,unresolved,Treat this as a separate research target from Genero itself.,unresolved,unresolved,docs/comment_research/chunk_3_g_i_report.md
Git Revision List,git_revision_list,needs_research_or_confirmation,unresolved,unresolved,unresolved,unresolved,unresolved,Keep unsupported unless a specific revision-list dialect documents comments.,unresolved,unresolved,docs/comment_research/chunk_3_g_i_report.md
Go Checksums,go_checksums,needs_research_or_confirmation,unsupported,unsupported,unsupported,unsupported,unsupported,Keep unsupported and exclude from parser coverage.,unresolved,unresolved,docs/comment_research/chunk_3_g_i_report.md
Golo,golo,needs_research_or_confirmation,high,unsupported,---- ... ----,first closing `----` wins,unsupported,Add block-comment fixtures using the `----` delimiter and keep line-comment tests absent unless a second source confirms them.,https://gololang.org/GRP-Documentation-Misc.html,unresolved,docs/comment_research/chunk_3_g_i_report.md
Grammatical Framework,grammatical_framework,needs_research_or_confirmation,unresolved,unresolved,unresolved,unresolved,unresolved,Research the official GF syntax before adding registry entries.,unresolved,unresolved,docs/comment_research/chunk_3_g_i_report.md
Graph Modeling Language,graph_modeling_language,needs_research_or_confirmation,unsupported,unsupported,unsupported,unsupported,unsupported,"Keep unsupported; the available references describe `comment` as a data attribute, not a comment delimiter.",https://en.wikipedia.org/wiki/Graph_Modelling_Language,https://igraph.org/c/html/develop/igraph-Foreign.html,docs/comment_research/chunk_3_g_i_report.md
Groovy Server Pages,groovy_server_pages,needs_research_or_confirmation,unresolved,unresolved,unresolved,unresolved,unresolved,Research GSP template-comment syntax before adding any parser rule.,unresolved,unresolved,docs/comment_research/chunk_3_g_i_report.md
HTTP,http,needs_research_or_confirmation,unsupported,unsupported,unsupported,unsupported,unsupported,Keep unsupported unless a formal comment syntax is located in a specific HTTP configuration grammar.,unresolved,unresolved,docs/comment_research/chunk_3_g_i_report.md
Harbour,harbour,needs_research_or_confirmation,unresolved,unresolved,unresolved,unresolved,unresolved,Leave unresolved until a source-backed Harbour syntax reference confirms the comment forms.,unresolved,unresolved,docs/comment_research/chunk_3_g_i_report.md
HolyC,holyc,needs_research_or_confirmation,unresolved,unresolved,unresolved,unresolved,unresolved,Research the official HolyC syntax before adding support.,unresolved,unresolved,docs/comment_research/chunk_3_g_i_report.md
HyPhy,hyphy,needs_research_or_confirmation,unresolved,unresolved,unresolved,unresolved,unresolved,Research the official HyPhy syntax before adding registry support.,unresolved,unresolved,docs/comment_research/chunk_3_g_i_report.md
IGOR Pro,igor_pro,needs_research_or_confirmation,unresolved,unresolved,unresolved,unresolved,unresolved,Research official IGOR Pro syntax before adding support.,unresolved,unresolved,docs/comment_research/chunk_3_g_i_report.md
IRC log,irc_log,needs_research_or_confirmation,unsupported,unsupported,unsupported,unsupported,unsupported,Keep unsupported.,unresolved,unresolved,docs/comment_research/chunk_3_g_i_report.md
Inform 7,inform_7,needs_research_or_confirmation,unresolved,unresolved,unresolved,unresolved,unresolved,Verify bracket-comment syntax and nesting behavior in the official Inform 7 docs before adding support.,unresolved,unresolved,docs/comment_research/chunk_3_g_i_report.md
J,j,needs_research_or_confirmation,unresolved,unsupported,unsupported,unsupported,unsupported,defer,unresolved,unresolved,docs/comment_research/chunk_4_j_m_report.md
JAR Manifest,jar_manifest,resolved_non_actionable,verified,unsupported,unsupported,unsupported,unsupported,unsupported,https://docs.oracle.com/en/java/javase/25/docs/specs/jar/jar.html,java.util.jar.Manifest / JAR parser,docs/comment_research/chunk_4_j_m_report.md
JSON,json,resolved_non_actionable,verified,unsupported,unsupported,unsupported,unsupported,unsupported,https://www.rfc-editor.org/rfc/rfc8259.html,json parser,docs/comment_research/chunk_4_j_m_report.md
JSONLD,jsonld,resolved_non_actionable,verified,unsupported,unsupported,unsupported,unsupported,unsupported,https://www.w3.org/TR/json-ld11/,json parser,docs/comment_research/chunk_4_j_m_report.md
Jasmin,jasmin,needs_research_or_confirmation,candidate,;,unsupported,end of line,unsupported,confirm,unresolved,jasmin assembler grammar,docs/comment_research/chunk_4_j_m_report.md
JavaScript+ERB,javascript_erb,needs_research_or_confirmation,candidate,"//, <%# ... %>",/* ... */,end of line for JS line comments; first closing delimiter wins for block comments; ERB comments terminate at %>,unsupported,confirm,https://docs.ruby-lang.org/en/3.1/ERB.html + ECMAScript,erb / JS parser,docs/comment_research/chunk_4_j_m_report.md
Jest Snapshot,jest_snapshot,needs_research_or_confirmation,candidate,//,unsupported,end of line,unsupported,confirm,unresolved,jest snapshot format,docs/comment_research/chunk_4_j_m_report.md
JetBrains MPS,jetbrains_mps,needs_research_or_confirmation,unresolved,unresolved,unresolved,unresolved,unresolved,research,unresolved,unresolved,docs/comment_research/chunk_4_j_m_report.md
Jison,jison,needs_research_or_confirmation,candidate,//,/* ... */,end of line for line comments; first closing delimiter wins for block comments,unsupported,confirm,unresolved,jison grammar,docs/comment_research/chunk_4_j_m_report.md
Jolie,jolie,needs_research_or_confirmation,candidate,//,/* ... */,end of line for line comments; first closing delimiter wins for block comments,unsupported,confirm,Jolie docs,jolie parser,docs/comment_research/chunk_4_j_m_report.md
Jupyter Notebook,jupyter_notebook,resolved_non_actionable,verified,unsupported,unsupported,unsupported,unsupported,unsupported,https://nbformat.readthedocs.io/en/latest/format_description.html,nbformat parser,docs/comment_research/chunk_4_j_m_report.md
KRL,krl,needs_research_or_confirmation,candidate,;,unsupported,end of line,unsupported,confirm,KUKA KRL docs,KRL parser,docs/comment_research/chunk_4_j_m_report.md
Kaitai Struct,kaitai_struct,needs_research_or_confirmation,candidate,#,unsupported,end of line,unsupported,add,Kaitai Struct docs,YAML parser / Kaitai schema parser,docs/comment_research/chunk_4_j_m_report.md
KakouneScript,kakounescript,needs_research_or_confirmation,unresolved,#,unsupported,end of line,unsupported,research,unresolved,unresolved,docs/comment_research/chunk_4_j_m_report.md
KiCad Layout,kicad_layout,needs_research_or_confirmation,unresolved,;,unsupported,end of line,unsupported,research,KiCad docs,KiCad parser,docs/comment_research/chunk_4_j_m_report.md
KiCad Legacy Layout,kicad_legacy_layout,needs_research_or_confirmation,unresolved,;,unsupported,end of line,unsupported,research,KiCad docs,KiCad parser,docs/comment_research/chunk_4_j_m_report.md
KiCad Schematic,kicad_schematic,needs_research_or_confirmation,unresolved,;,unsupported,end of line,unsupported,research,KiCad docs,KiCad parser,docs/comment_research/chunk_4_j_m_report.md
Kit,kit,needs_research_or_confirmation,unresolved,unresolved,unresolved,unresolved,unresolved,research,unresolved,unresolved,docs/comment_research/chunk_4_j_m_report.md
Kusto,kusto,needs_research_or_confirmation,candidate,//,unsupported,end of line,unsupported,confirm,https://learn.microsoft.com/en-us/kusto/query/comment?view=microsoft-fabric,Kusto parser,docs/comment_research/chunk_4_j_m_report.md
LFE,lfe,needs_research_or_confirmation,candidate,;,unsupported,end of line,unsupported,add,LFE docs,LFE parser,docs/comment_research/chunk_4_j_m_report.md
LSL,lsl,needs_research_or_confirmation,candidate,//,/* ... */,end of line for line comments; first closing delimiter wins for block comments,unsupported,add,LSL docs,LSL parser,docs/comment_research/chunk_4_j_m_report.md
LTspice Symbol,ltspice_symbol,needs_research_or_confirmation,unresolved,unresolved,unresolved,unresolved,unresolved,research,unresolved,unresolved,docs/comment_research/chunk_4_j_m_report.md
LabVIEW,labview,needs_research_or_confirmation,unresolved,unresolved,unresolved,unresolved,unresolved,research,unresolved,unresolved,docs/comment_research/chunk_4_j_m_report.md
Lark,lark,needs_research_or_confirmation,candidate,//,/* ... */,end of line for line comments; first closing delimiter wins for block comments,unsupported,confirm,Lark docs,lark parser,docs/comment_research/chunk_4_j_m_report.md
Lasso,lasso,needs_research_or_confirmation,candidate,//,/* ... */,end of line for line comments; first closing delimiter wins for block comments,unsupported,confirm,unresolved,unresolved,docs/comment_research/chunk_4_j_m_report.md
Lex,lex,needs_research_or_confirmation,candidate,unsupported,/* ... */,first closing delimiter wins,unsupported,confirm,Flex / Lex docs,lex/flex grammar,docs/comment_research/chunk_4_j_m_report.md
Limbo,limbo,needs_research_or_confirmation,unresolved,#,unsupported,end of line,unsupported,research,unresolved,unresolved,docs/comment_research/chunk_4_j_m_report.md
Linker Script,linker_script,needs_research_or_confirmation,candidate,unsupported,/* ... */,first closing delimiter wins,unsupported,confirm,https://sourceware.org/binutils/docs/ld/Script-Format.html,ld script parser,docs/comment_research/chunk_4_j_m_report.md
Linux Kernel Module,linux_kernel_module,needs_research_or_confirmation,candidate,//,/* ... */,end of line for line comments; first closing delimiter wins for block comments,unsupported,confirm,Linux kernel coding style,C parser,docs/comment_research/chunk_4_j_m_report.md
Literate Agda,literate_agda,needs_research_or_confirmation,unresolved,unresolved,unresolved,unresolved,unresolved,research,Agda docs,Agda parser / literate mode,docs/comment_research/chunk_4_j_m_report.md
Literate CoffeeScript,literate_coffeescript,needs_research_or_confirmation,candidate,#,### ... ###,end of line for line comments; first closing delimiter wins for block comments,unsupported,confirm,CoffeeScript docs,CoffeeScript parser,docs/comment_research/chunk_4_j_m_report.md
Literate Haskell,literate_haskell,needs_research_or_confirmation,candidate,--,{- ... -},end of line for line comments; true nesting supported for block comments,true nesting supported,confirm,https://www.haskell.org/onlinereport/haskell2010/haskellch2.html,Haskell parser / literate mode,docs/comment_research/chunk_4_j_m_report.md
LiveScript,livescript,needs_research_or_confirmation,candidate,"//, #","/* ... */, ### ... ###",end of line for line comments; first closing delimiter wins for block comments,unsupported,confirm,unresolved,unresolved,docs/comment_research/chunk_4_j_m_report.md
Logos,logos,needs_research_or_confirmation,candidate,//,/* ... */,end of line for line comments; first closing delimiter wins for block comments,unsupported,confirm,unresolved,unresolved,docs/comment_research/chunk_4_j_m_report.md
Logtalk,logtalk,needs_research_or_confirmation,candidate,%,/* ... */,end of line for line comments; first closing delimiter wins for block comments,unsupported,add,Logtalk docs,Logtalk parser,docs/comment_research/chunk_4_j_m_report.md
LookML,lookml,needs_research_or_confirmation,candidate,#,unsupported,end of line,unsupported,add,https://docs.cloud.google.com/looker/docs/looker-ide,LookML parser,docs/comment_research/chunk_4_j_m_report.md
LoomScript,loomscript,needs_research_or_confirmation,unresolved,unresolved,unresolved,unresolved,unresolved,research,unresolved,unresolved,docs/comment_research/chunk_4_j_m_report.md
M,m,needs_research_or_confirmation,candidate,;,unsupported,end of line,unsupported,confirm,M/MUMPS docs,M parser,docs/comment_research/chunk_4_j_m_report.md
M4,m4,needs_research_or_confirmation,candidate,#,unsupported,end of line,unsupported,confirm,https://www.gnu.org/software/m4/manual/html_node/Comments.html,m4 parser,docs/comment_research/chunk_4_j_m_report.md
M4Sugar,m4sugar,needs_research_or_confirmation,candidate,#,unsupported,end of line,unsupported,confirm,https://www.gnu.org/software/m4/manual/html_node/Comments.html,m4sugar parser,docs/comment_research/chunk_4_j_m_report.md
MAXScript,maxscript,needs_research_or_confirmation,candidate,--,/* ... */,end of line for line comments; first closing delimiter wins for block comments,unsupported,add,https://help.autodesk.com/cloudhelp/2022/ENU/MAXDEV-Overview/files/overview/MAXDEV_Overview_overview_maxscript_html.html,MAXScript parser,docs/comment_research/chunk_4_j_m_report.md
MLIR,mlir,needs_research_or_confirmation,candidate,//,unsupported,end of line,unsupported,add,MLIR docs,MLIR parser,docs/comment_research/chunk_4_j_m_report.md
MQL4,mql4,needs_research_or_confirmation,candidate,//,/* ... */,end of line for line comments; first closing delimiter wins for block comments,unsupported,add,MQL4 docs,MQL4 parser,docs/comment_research/chunk_4_j_m_report.md
MQL5,mql5,needs_research_or_confirmation,candidate,//,/* ... */,end of line for line comments; first closing delimiter wins for block comments,unsupported,add,MQL5 docs,MQL5 parser,docs/comment_research/chunk_4_j_m_report.md
MTML,mtml,needs_research_or_confirmation,unresolved,<!-- ... -->,<!-- ... -->,end of line for line comments; first closing delimiter wins for block comments,unsupported,research,unresolved,unresolved,docs/comment_research/chunk_4_j_m_report.md
MUF,muf,needs_research_or_confirmation,unresolved,unresolved,unresolved,unresolved,unresolved,research,unresolved,unresolved,docs/comment_research/chunk_4_j_m_report.md
Macaulay2,macaulay2,needs_research_or_confirmation,candidate,--,/* ... */,end of line for line comments; first closing delimiter wins for block comments,unsupported,confirm,Macaulay2 docs,Macaulay2 parser,docs/comment_research/chunk_4_j_m_report.md
Markdown,markdown,resolved_non_actionable,verified,unsupported,unsupported,unsupported,unsupported,unsupported,https://spec.commonmark.org/0.31.2/,markdown parser,docs/comment_research/chunk_4_j_m_report.md
Marko,marko,needs_research_or_confirmation,unresolved,unresolved,unresolved,unresolved,unresolved,research,unresolved,unresolved,docs/comment_research/chunk_4_j_m_report.md
Mask,mask,needs_research_or_confirmation,unresolved,unresolved,unresolved,unresolved,unresolved,research,unresolved,unresolved,docs/comment_research/chunk_4_j_m_report.md
Max,max,needs_research_or_confirmation,candidate,//,/* ... */,end of line for line comments; first closing delimiter wins for block comments,unsupported,confirm,unresolved,unresolved,docs/comment_research/chunk_4_j_m_report.md
Mercury,mercury,needs_research_or_confirmation,candidate,%,/* ... */,end of line for line comments; first closing delimiter wins for block comments,unsupported,confirm,Mercury docs,Mercury parser,docs/comment_research/chunk_4_j_m_report.md
Metal,metal,needs_research_or_confirmation,candidate,//,/* ... */,end of line for line comments; first closing delimiter wins for block comments,unsupported,confirm,Apple Metal docs,Metal parser,docs/comment_research/chunk_4_j_m_report.md
Microsoft Developer Studio Project,msdev_project,needs_research_or_confirmation,unresolved,<!-- ... -->,<!-- ... -->,end of line for line comments; first closing delimiter wins for block comments,unsupported,research,unresolved,unresolved,docs/comment_research/chunk_4_j_m_report.md
Microsoft Visual Studio Solution,visual_studio_solution,needs_research_or_confirmation,candidate,#,unsupported,end of line,unsupported,confirm,Visual Studio solution format,solution parser,docs/comment_research/chunk_4_j_m_report.md
Mirah,mirah,needs_research_or_confirmation,candidate,#,=begin ... =end,end of line for line comments; first closing delimiter wins for block comments,unsupported,confirm,Mirah docs,Mirah parser,docs/comment_research/chunk_4_j_m_report.md
Modula-2,modula_2,needs_research_or_confirmation,candidate,unsupported,(* ... *),true nesting supported,true nesting supported,add,Modula-2 spec,Modula-2 parser,docs/comment_research/chunk_4_j_m_report.md
Modula-3,modula_3,needs_research_or_confirmation,candidate,unsupported,(* ... *),true nesting supported,true nesting supported,add,Modula-3 spec,Modula-3 parser,docs/comment_research/chunk_4_j_m_report.md
Module Management System,module_management_system,needs_research_or_confirmation,unresolved,unresolved,unresolved,unresolved,unresolved,research,unresolved,unresolved,docs/comment_research/chunk_4_j_m_report.md
Monkey,monkey,needs_research_or_confirmation,candidate,#,unsupported,end of line,unsupported,add,Monkey docs,Monkey parser,docs/comment_research/chunk_4_j_m_report.md
Monkey C,monkey_c,needs_research_or_confirmation,candidate,//,/* ... */,end of line for line comments; first closing delimiter wins for block comments,unsupported,add,Monkey C docs,Monkey C parser,docs/comment_research/chunk_4_j_m_report.md
MoonScript,moonscript,needs_research_or_confirmation,candidate,--,--[[ ... ]],end of line for line comments; first closing delimiter wins for block comments,unsupported,add,https://moonscript.org/reference,MoonScript parser,docs/comment_research/chunk_4_j_m_report.md
Motoko,motoko,needs_research_or_confirmation,candidate,//,/* ... */,end of line for line comments; true nesting supported for block comments,true nesting supported,add,https://internetcomputer.org/docs/motoko/fundamentals/basic-syntax/comments,Motoko parser,docs/comment_research/chunk_4_j_m_report.md
Motorola 68K Assembly,motorola_68k_assembly,needs_research_or_confirmation,unresolved,;,unsupported,end of line,unsupported,research,unresolved,unresolved,docs/comment_research/chunk_4_j_m_report.md
Move,move,needs_research_or_confirmation,candidate,//,/* ... */,end of line for line comments; first closing delimiter wins for block comments,unsupported,add,https://move-language.github.io/move/coding-conventions.html,Move parser,docs/comment_research/chunk_4_j_m_report.md
Muse,muse,needs_research_or_confirmation,unresolved,unresolved,unresolved,unresolved,unresolved,research,unresolved,unresolved,docs/comment_research/chunk_4_j_m_report.md
NASL,nasl,needs_research_or_confirmation,unresolved,unresolved,unresolved,unresolved,unresolved,research official NASL docs before registry updates.,unresolved,unresolved,docs/comment_research/chunk_5_n_p_report.md
NCL,ncl,needs_research_or_confirmation,unresolved,unresolved,unresolved,unresolved,unresolved,research official NCL docs before registry updates.,unresolved,unresolved,docs/comment_research/chunk_5_n_p_report.md
NEON,neon,needs_research_or_confirmation,unresolved,unresolved,unresolved,unresolved,unresolved,research official Neon docs before registry updates.,unresolved,unresolved,docs/comment_research/chunk_5_n_p_report.md
NL,nl,needs_research_or_confirmation,unresolved,unresolved,unresolved,unresolved,unresolved,clarify what Stack v2 means by NL before further research.,unresolved,unresolved,docs/comment_research/chunk_5_n_p_report.md
NWScript,nwscript,needs_research_or_confirmation,medium,//,/* ... */,first closing delimiter wins,unsupported,add C-style fixtures and verify against the NWScript reference.,unresolved,unresolved,docs/comment_research/chunk_5_n_p_report.md
Nasal,nasal,needs_research_or_confirmation,unresolved,unresolved,unresolved,unresolved,unresolved,research official Nasal docs before registry updates.,unresolved,unresolved,docs/comment_research/chunk_5_n_p_report.md
Nearley,nearley,needs_research_or_confirmation,unresolved,unresolved,unresolved,unresolved,unresolved,verify Nearley grammar comment syntax from official docs or grammar sources.,unresolved,unresolved,docs/comment_research/chunk_5_n_p_report.md
Nemerle,nemerle,needs_research_or_confirmation,unresolved,unresolved,unresolved,unresolved,unresolved,verify Nemerle comment syntax before adding fixtures.,unresolved,unresolved,docs/comment_research/chunk_5_n_p_report.md
NetLinx,netlinx,needs_research_or_confirmation,unresolved,unresolved,unresolved,unresolved,unresolved,verify NetLinx comment syntax from official docs.,unresolved,unresolved,docs/comment_research/chunk_5_n_p_report.md
NewLisp,newlisp,needs_research_or_confirmation,unresolved,unresolved,unresolved,unresolved,unresolved,verify newLISP comment syntax from the reference manual.,unresolved,unresolved,docs/comment_research/chunk_5_n_p_report.md
Nit,nit,needs_research_or_confirmation,unresolved,unresolved,unresolved,unresolved,unresolved,verify Nit comment syntax before registry updates.,unresolved,unresolved,docs/comment_research/chunk_5_n_p_report.md
ObjDump,objdump,needs_research_or_confirmation,unresolved,unresolved,unresolved,unresolved,unresolved,identify the exact Stack v2 syntax flavor for this entry.,unresolved,unresolved,docs/comment_research/chunk_5_n_p_report.md
Object Data Instance Notation,object_data_instance_notation,needs_research_or_confirmation,unresolved,unresolved,unresolved,unresolved,unresolved,verify whether the format supports comments at all.,unresolved,unresolved,docs/comment_research/chunk_5_n_p_report.md
ObjectScript,objectscript,needs_research_or_confirmation,unresolved,unresolved,unresolved,unresolved,unresolved,verify ObjectScript comment syntax from the official reference.,unresolved,unresolved,docs/comment_research/chunk_5_n_p_report.md
Opa,opa,needs_research_or_confirmation,unresolved,unresolved,unresolved,unresolved,unresolved,verify the Stack v2 Opa entry before assuming any syntax family.,unresolved,unresolved,docs/comment_research/chunk_5_n_p_report.md
OpenEdge ABL,openedge_abl,needs_research_or_confirmation,unresolved,unresolved,unresolved,unresolved,unresolved,verify ABL comment syntax from the official reference.,unresolved,unresolved,docs/comment_research/chunk_5_n_p_report.md
OpenQASM,openqasm,needs_research_or_confirmation,unresolved,unresolved,unresolved,unresolved,unresolved,verify the OpenQASM specification before registry changes.,unresolved,unresolved,docs/comment_research/chunk_5_n_p_report.md
OpenRC runscript,openrc_runscript,needs_research_or_confirmation,medium,#,unsupported,newline,unsupported,add line-comment fixtures and confirm against the runscript reference.,unresolved,unresolved,docs/comment_research/chunk_5_n_p_report.md
OpenStep Property List,openstep_property_list,needs_research_or_confirmation,unresolved,unresolved,unresolved,unresolved,unresolved,verify whether the plist variant supports comments at all.,unresolved,unresolved,docs/comment_research/chunk_5_n_p_report.md
OpenType Feature File,opentype_feature_file,needs_research_or_confirmation,unresolved,unresolved,unresolved,unresolved,unresolved,verify feature-file comment syntax from the OpenType feature syntax docs.,unresolved,unresolved,docs/comment_research/chunk_5_n_p_report.md
Org,org,needs_research_or_confirmation,unresolved,unresolved,unresolved,unresolved,unresolved,verify Org comment syntax separately from source comments.,unresolved,unresolved,docs/comment_research/chunk_5_n_p_report.md
Ox,ox,needs_research_or_confirmation,unresolved,unresolved,unresolved,unresolved,unresolved,verify Ox comment syntax from the official reference.,unresolved,unresolved,docs/comment_research/chunk_5_n_p_report.md
Oz,oz,needs_research_or_confirmation,unresolved,unresolved,unresolved,unresolved,unresolved,verify Oz comment syntax from the language reference.,unresolved,unresolved,docs/comment_research/chunk_5_n_p_report.md
P4,p4,needs_research_or_confirmation,medium,//,/* ... */,first closing delimiter wins,unsupported,add C-style fixtures if the P4 reference confirms this syntax.,unresolved,unresolved,docs/comment_research/chunk_5_n_p_report.md
PEG.js,peg_js,needs_research_or_confirmation,unresolved,unresolved,unresolved,unresolved,unresolved,verify PEG.js grammar comment syntax from the grammar docs.,unresolved,unresolved,docs/comment_research/chunk_5_n_p_report.md
POV-Ray SDL,pov_ray_sdl,needs_research_or_confirmation,unresolved,unresolved,unresolved,unresolved,unresolved,verify POV-Ray SDL comment syntax from the language reference.,unresolved,unresolved,docs/comment_research/chunk_5_n_p_report.md
Pan,pan,needs_research_or_confirmation,unresolved,unresolved,unresolved,unresolved,unresolved,verify Pan comment syntax from the language reference.,unresolved,unresolved,docs/comment_research/chunk_5_n_p_report.md
Papyrus,papyrus,needs_research_or_confirmation,unresolved,unresolved,unresolved,unresolved,unresolved,verify Papyrus comment syntax from the language reference.,unresolved,unresolved,docs/comment_research/chunk_5_n_p_report.md
Parrot Assembly,parrot_assembly,needs_research_or_confirmation,unresolved,unresolved,unresolved,unresolved,unresolved,verify Parrot Assembly comment syntax from the official reference.,unresolved,unresolved,docs/comment_research/chunk_5_n_p_report.md
Parrot Internal Representation,parrot_internal_representation,needs_research_or_confirmation,unresolved,unresolved,unresolved,unresolved,unresolved,verify PIR comment syntax from the official reference.,unresolved,unresolved,docs/comment_research/chunk_5_n_p_report.md
Pascal,pascal,needs_research_or_confirmation,unresolved,unresolved,unresolved,unresolved,unresolved,verify the specific Pascal dialect before adding fixtures.,unresolved,unresolved,docs/comment_research/chunk_5_n_p_report.md
Pawn,pawn,needs_research_or_confirmation,medium,//,/* ... */,first closing delimiter wins,unsupported,add C-style fixtures and confirm against the Pawn reference.,unresolved,unresolved,docs/comment_research/chunk_5_n_p_report.md
Pep8,pep8,needs_research_or_confirmation,unresolved,unresolved,unresolved,unresolved,unresolved,verify the Pep8 dialect comment syntax before registry work.,unresolved,unresolved,docs/comment_research/chunk_5_n_p_report.md
Pic,pic,needs_research_or_confirmation,unresolved,unresolved,unresolved,unresolved,unresolved,verify Pic comment syntax from the language reference.,unresolved,unresolved,docs/comment_research/chunk_5_n_p_report.md
Pickle,pickle,needs_research_or_confirmation,unresolved,unresolved,unresolved,unresolved,unresolved,verify Pickle syntax before adding fixtures.,unresolved,unresolved,docs/comment_research/chunk_5_n_p_report.md
PicoLisp,picolisp,needs_research_or_confirmation,unresolved,unresolved,unresolved,unresolved,unresolved,verify PicoLisp comment syntax from the official docs.,unresolved,unresolved,docs/comment_research/chunk_5_n_p_report.md
PigLatin,piglatin,needs_research_or_confirmation,medium,--,/* ... */,first closing delimiter wins,unsupported,add SQL-like fixtures and confirm the PigLatin comment rules.,unresolved,unresolved,docs/comment_research/chunk_5_n_p_report.md
Pike,pike,needs_research_or_confirmation,medium,//,/* ... */,first closing delimiter wins,unsupported,add C-family fixtures and verify against Pike docs.,unresolved,unresolved,docs/comment_research/chunk_5_n_p_report.md
PlantUML,plantuml,needs_research_or_confirmation,unresolved,unresolved,unresolved,unresolved,unresolved,verify PlantUML comment syntax from official docs.,unresolved,unresolved,docs/comment_research/chunk_5_n_p_report.md
Pod,pod,needs_research_or_confirmation,unresolved,unresolved,unresolved,unresolved,unresolved,verify whether this is Perl POD or a different source format.,unresolved,unresolved,docs/comment_research/chunk_5_n_p_report.md
Pod 6,pod_6,needs_research_or_confirmation,unresolved,unresolved,unresolved,unresolved,unresolved,verify Pod 6 / Raku docs before registry changes.,unresolved,unresolved,docs/comment_research/chunk_5_n_p_report.md
PogoScript,pogoscript,needs_research_or_confirmation,unresolved,unresolved,unresolved,unresolved,unresolved,verify PogoScript syntax from official docs.,unresolved,unresolved,docs/comment_research/chunk_5_n_p_report.md
Pony,pony,needs_research_or_confirmation,unresolved,unresolved,unresolved,unresolved,unresolved,verify Pony comment syntax from the language reference.,unresolved,unresolved,docs/comment_research/chunk_5_n_p_report.md
Portugol,portugol,needs_research_or_confirmation,unresolved,unresolved,unresolved,unresolved,unresolved,verify the Stack v2 Portugol dialect before adding fixtures.,unresolved,unresolved,docs/comment_research/chunk_5_n_p_report.md
PowerBuilder,powerbuilder,needs_research_or_confirmation,unresolved,unresolved,unresolved,unresolved,unresolved,verify PowerBuilder comment syntax from the official reference.,unresolved,unresolved,docs/comment_research/chunk_5_n_p_report.md
Prisma,prisma,needs_research_or_confirmation,unresolved,unresolved,unresolved,unresolved,unresolved,verify Prisma schema comment syntax before adding fixtures.,unresolved,unresolved,docs/comment_research/chunk_5_n_p_report.md
Promela,promela,needs_research_or_confirmation,medium,//,/* ... */,first closing delimiter wins,unsupported,add C-style fixtures and confirm against the SPIN reference.,unresolved,unresolved,docs/comment_research/chunk_5_n_p_report.md
Propeller Spin,propeller_spin,needs_research_or_confirmation,unresolved,unresolved,unresolved,unresolved,unresolved,verify Spin comment syntax from the official reference.,unresolved,unresolved,docs/comment_research/chunk_5_n_p_report.md
Public Key,public_key,resolved_non_actionable,high,unsupported,unsupported,unsupported,unsupported,keep this entry unsupported unless a formal spec changes.,unresolved,unresolved,docs/comment_research/chunk_5_n_p_report.md
Pure Data,pure_data,needs_research_or_confirmation,unresolved,unresolved,unresolved,unresolved,unresolved,verify whether the format has true comments or only directives.,unresolved,unresolved,docs/comment_research/chunk_5_n_p_report.md
PureBasic,purebasic,needs_research_or_confirmation,unresolved,unresolved,unresolved,unresolved,unresolved,verify PureBasic comment syntax before adding fixtures.,unresolved,unresolved,docs/comment_research/chunk_5_n_p_report.md
Qt Script,qt_script,needs_research_or_confirmation,seeded-from-implementation,//,/* */,line comments terminate at end-of-line; block comments terminate at first closing delimiter,no,implement,unresolved,GitHub Linguist languages.yml,docs/comment_research/chunk_6_q_s_report.md
Quake,quake,needs_research_or_confirmation,unresolved,unresolved,unresolved,unresolved,unknown,needs manual research,unresolved,GitHub Linguist languages.yml,docs/comment_research/chunk_6_q_s_report.md
RAML,raml,needs_research_or_confirmation,seeded-from-implementation,#,unsupported,line comments terminate at end-of-line; block comments unsupported,no,implement,unresolved,GitHub Linguist languages.yml,docs/comment_research/chunk_6_q_s_report.md
RDoc,rdoc,needs_research_or_confirmation,unresolved,unresolved,unresolved,unresolved,unknown,needs manual research,unresolved,GitHub Linguist languages.yml,docs/comment_research/chunk_6_q_s_report.md
REALbasic,realbasic,needs_research_or_confirmation,medium,',unsupported,line comments terminate at end-of-line; block comments unsupported,no,candidate,https://docs.xojo.com/api/language/introspection/constructorinfo.html,GitHub Linguist languages.yml,docs/comment_research/chunk_6_q_s_report.md
RPC,rpc,needs_research_or_confirmation,unresolved,unresolved,unresolved,unresolved,unknown,needs manual research,unresolved,GitHub Linguist languages.yml,docs/comment_research/chunk_6_q_s_report.md
RPGLE,rpgle,needs_research_or_confirmation,medium,//,unsupported,line comments terminate at end-of-line; block comments unsupported,no,candidate,unresolved,GitHub Linguist languages.yml,docs/comment_research/chunk_6_q_s_report.md
RPM Spec,rpm_spec,needs_research_or_confirmation,seeded-from-implementation,#,unsupported,line comments terminate at end-of-line; block comments unsupported,no,implement,unresolved,GitHub Linguist languages.yml,docs/comment_research/chunk_6_q_s_report.md
Ragel,ragel,needs_research_or_confirmation,unresolved,unresolved,unresolved,unresolved,unknown,needs manual research,unresolved,GitHub Linguist languages.yml,docs/comment_research/chunk_6_q_s_report.md
Rascal,rascal,needs_research_or_confirmation,seeded-from-implementation,//,/* */,line comments terminate at end-of-line; block comments terminate at first closing delimiter,no,implement,unresolved,GitHub Linguist languages.yml,docs/comment_research/chunk_6_q_s_report.md
Raw token data,raw_token_data,needs_research_or_confirmation,unresolved,unsupported,unsupported,unresolved,unsupported,unsupported,unresolved,GitHub Linguist languages.yml,docs/comment_research/chunk_6_q_s_report.md
ReScript,rescript,needs_research_or_confirmation,seeded-from-implementation,//,/* */,line comments terminate at end-of-line; block comments terminate at first closing delimiter,no,implement,unresolved,GitHub Linguist languages.yml,docs/comment_research/chunk_6_q_s_report.md
Reason,reason,needs_research_or_confirmation,seeded-from-implementation,//,/* */,line comments terminate at end-of-line; block comments terminate at first closing delimiter,no,implement,unresolved,GitHub Linguist languages.yml,docs/comment_research/chunk_6_q_s_report.md
Red,red,needs_research_or_confirmation,seeded-from-implementation,;,unsupported,line comments terminate at end-of-line; block comments unsupported,no,implement,unresolved,GitHub Linguist languages.yml,docs/comment_research/chunk_6_q_s_report.md
Redcode,redcode,needs_research_or_confirmation,seeded-from-implementation,;,unsupported,line comments terminate at end-of-line; block comments unsupported,no,implement,unresolved,GitHub Linguist languages.yml,docs/comment_research/chunk_6_q_s_report.md
Redirect Rules,redirect_rules,needs_research_or_confirmation,unresolved,unresolved,unresolved,unresolved,unknown,needs manual research,unresolved,GitHub Linguist languages.yml,docs/comment_research/chunk_6_q_s_report.md
Regular Expression,regular_expression,needs_research_or_confirmation,unresolved,unresolved,unresolved,unresolved,unknown,needs manual research,unresolved,GitHub Linguist languages.yml,docs/comment_research/chunk_6_q_s_report.md
Ren'Py,renpy,needs_research_or_confirmation,seeded-from-implementation,#,unsupported,line comments terminate at end-of-line; block comments unsupported,no,implement,unresolved,GitHub Linguist languages.yml,docs/comment_research/chunk_6_q_s_report.md
RenderScript,renderscript,needs_research_or_confirmation,seeded-from-implementation,//,/* */,line comments terminate at end-of-line; block comments terminate at first closing delimiter,no,implement,unresolved,GitHub Linguist languages.yml,docs/comment_research/chunk_6_q_s_report.md
Rich Text Format,rich_text_format,needs_research_or_confirmation,unresolved,unsupported,unsupported,unresolved,unsupported,unsupported,unresolved,GitHub Linguist languages.yml,docs/comment_research/chunk_6_q_s_report.md
Rouge,rouge,needs_research_or_confirmation,unresolved,unsupported,unsupported,unresolved,unsupported,unsupported,unresolved,GitHub Linguist languages.yml,docs/comment_research/chunk_6_q_s_report.md
SELinux Policy,selinux_policy,needs_research_or_confirmation,unresolved,unresolved,unresolved,unresolved,unknown,needs manual research,unresolved,GitHub Linguist languages.yml,docs/comment_research/chunk_6_q_s_report.md
SMT,smt,needs_research_or_confirmation,seeded-from-implementation,;,unsupported,line comments terminate at end-of-line; block comments unsupported,no,implement,unresolved,GitHub Linguist languages.yml,docs/comment_research/chunk_6_q_s_report.md
SQF,sqf,needs_research_or_confirmation,seeded-from-implementation,//,/* */,line comments terminate at end-of-line; block comments terminate at first closing delimiter,no,implement,unresolved,GitHub Linguist languages.yml,docs/comment_research/chunk_6_q_s_report.md
SQLPL,sqlpl,needs_research_or_confirmation,seeded-from-implementation,--,/* */,line comments terminate at end-of-line; block comments terminate at first closing delimiter,no,implement,unresolved,GitHub Linguist languages.yml,docs/comment_research/chunk_6_q_s_report.md
SRecode Template,srecode_template,needs_research_or_confirmation,unresolved,unresolved,unresolved,unresolved,unknown,needs manual research,unresolved,GitHub Linguist languages.yml,docs/comment_research/chunk_6_q_s_report.md
SSH Config,ssh_config,needs_research_or_confirmation,seeded-from-implementation,#,unsupported,line comments terminate at end-of-line; block comments unsupported,no,implement,unresolved,GitHub Linguist languages.yml,docs/comment_research/chunk_6_q_s_report.md
STAR,star,needs_research_or_confirmation,unresolved,unresolved,unresolved,unresolved,unknown,needs manual research,unresolved,GitHub Linguist languages.yml,docs/comment_research/chunk_6_q_s_report.md
STL,stl,needs_research_or_confirmation,unresolved,unsupported,unsupported,unresolved,unsupported,unsupported,unresolved,GitHub Linguist languages.yml,docs/comment_research/chunk_6_q_s_report.md
STON,ston,needs_research_or_confirmation,unresolved,unresolved,unresolved,unresolved,unknown,needs manual research,unresolved,GitHub Linguist languages.yml,docs/comment_research/chunk_6_q_s_report.md
SWIG,swig,needs_research_or_confirmation,seeded-from-implementation,//,/* */,line comments terminate at end-of-line; block comments terminate at first closing delimiter,no,implement,unresolved,GitHub Linguist languages.yml,docs/comment_research/chunk_6_q_s_report.md
Sage,sage,needs_research_or_confirmation,seeded-from-implementation,#,unsupported,line comments terminate at end-of-line; block comments unsupported,no,implement,unresolved,GitHub Linguist languages.yml,docs/comment_research/chunk_6_q_s_report.md
SaltStack,saltstack,needs_research_or_confirmation,seeded-from-implementation,#,{# #},line comments terminate at end-of-line; block comments terminate at first closing delimiter,no,implement,unresolved,GitHub Linguist languages.yml,docs/comment_research/chunk_6_q_s_report.md
Self,self,needs_research_or_confirmation,unresolved,unresolved,unresolved,unresolved,unknown,needs manual research,unresolved,GitHub Linguist languages.yml,docs/comment_research/chunk_6_q_s_report.md
ShaderLab,shaderlab,needs_research_or_confirmation,seeded-from-implementation,//,/* */,line comments terminate at end-of-line; block comments terminate at first closing delimiter,no,implement,unresolved,GitHub Linguist languages.yml,docs/comment_research/chunk_6_q_s_report.md
Singularity,singularity,needs_research_or_confirmation,seeded-from-implementation,#,unsupported,line comments terminate at end-of-line; block comments unsupported,no,implement,unresolved,GitHub Linguist languages.yml,docs/comment_research/chunk_6_q_s_report.md
Slash,slash,needs_research_or_confirmation,unresolved,unresolved,unresolved,unresolved,unknown,needs manual research,unresolved,GitHub Linguist languages.yml,docs/comment_research/chunk_6_q_s_report.md
Slice,slice,needs_research_or_confirmation,seeded-from-implementation,//,/* */,line comments terminate at end-of-line; block comments terminate at first closing delimiter,no,implement,unresolved,GitHub Linguist languages.yml,docs/comment_research/chunk_6_q_s_report.md
Slim,slim,needs_research_or_confirmation,unresolved,unresolved,unresolved,unresolved,unknown,needs manual research,unresolved,GitHub Linguist languages.yml,docs/comment_research/chunk_6_q_s_report.md
SmPL,smpl,needs_research_or_confirmation,seeded-from-implementation,//,/* */,line comments terminate at end-of-line; block comments terminate at first closing delimiter,no,implement,unresolved,GitHub Linguist languages.yml,docs/comment_research/chunk_6_q_s_report.md
Smali,smali,needs_research_or_confirmation,seeded-from-implementation,#,unsupported,line comments terminate at end-of-line; block comments unsupported,no,implement,unresolved,GitHub Linguist languages.yml,docs/comment_research/chunk_6_q_s_report.md
Smarty,smarty,needs_research_or_confirmation,unresolved,unresolved,unresolved,unresolved,unknown,needs manual research,unresolved,GitHub Linguist languages.yml,docs/comment_research/chunk_6_q_s_report.md
Solidity,solidity,needs_research_or_confirmation,seeded-from-implementation,//,/* */,line comments terminate at end-of-line; block comments terminate at first closing delimiter,no,implement,unresolved,GitHub Linguist languages.yml,docs/comment_research/chunk_6_q_s_report.md
Soong,soong,needs_research_or_confirmation,seeded-from-implementation,//,/* */,line comments terminate at end-of-line; block comments terminate at first closing delimiter,no,implement,unresolved,GitHub Linguist languages.yml,docs/comment_research/chunk_6_q_s_report.md
SourcePawn,sourcepawn,needs_research_or_confirmation,seeded-from-implementation,//,/* */,line comments terminate at end-of-line; block comments terminate at first closing delimiter,no,implement,unresolved,GitHub Linguist languages.yml,docs/comment_research/chunk_6_q_s_report.md
Spline Font Database,spline_font_database,needs_research_or_confirmation,seeded-from-implementation,#,unsupported,line comments terminate at end-of-line; block comments unsupported,no,implement,unresolved,GitHub Linguist languages.yml,docs/comment_research/chunk_6_q_s_report.md
Squirrel,squirrel,needs_research_or_confirmation,seeded-from-implementation,//,/* */,line comments terminate at end-of-line; block comments terminate at first closing delimiter,no,implement,unresolved,GitHub Linguist languages.yml,docs/comment_research/chunk_6_q_s_report.md
Stan,stan,needs_research_or_confirmation,seeded-from-implementation,//,/* */,line comments terminate at end-of-line; block comments terminate at first closing delimiter,no,implement,unresolved,GitHub Linguist languages.yml,docs/comment_research/chunk_6_q_s_report.md
Standard ML,standard_ml,needs_research_or_confirmation,seeded-from-implementation,unsupported,(* *),block comments support true nesting,yes,implement,unresolved,GitHub Linguist languages.yml,docs/comment_research/chunk_6_q_s_report.md
StringTemplate,stringtemplate,needs_research_or_confirmation,unresolved,unresolved,unresolved,unresolved,unknown,needs manual research,unresolved,GitHub Linguist languages.yml,docs/comment_research/chunk_6_q_s_report.md
Stylus,stylus,needs_research_or_confirmation,seeded-from-implementation,//,/* */,line comments terminate at end-of-line; block comments terminate at first closing delimiter,no,implement,unresolved,GitHub Linguist languages.yml,docs/comment_research/chunk_6_q_s_report.md
SubRip Text,subrip_text,needs_research_or_confirmation,unresolved,unsupported,unsupported,unresolved,unsupported,unsupported,unresolved,GitHub Linguist languages.yml,docs/comment_research/chunk_6_q_s_report.md
SugarSS,sugarss,needs_research_or_confirmation,seeded-from-implementation,unsupported,/* */,block comments terminate at first closing delimiter,no,implement,unresolved,GitHub Linguist languages.yml,docs/comment_research/chunk_6_q_s_report.md
SuperCollider,supercollider,needs_research_or_confirmation,seeded-from-implementation,//,/* */,line comments terminate at end-of-line; block comments terminate at first closing delimiter,no,implement,unresolved,GitHub Linguist languages.yml,docs/comment_research/chunk_6_q_s_report.md
TSV,tsv,resolved_non_actionable,high,unsupported,unsupported,unsupported,unsupported,Document as commentless unless a dialect extension exists.,unresolved,unresolved,docs/comment_research/chunk_7_t_z_report.md
TXL,txl,needs_research_or_confirmation,low,unresolved,unresolved,unresolved,unresolved,Verify TXL syntax before adding a registry entry.,unresolved,unresolved,docs/comment_research/chunk_7_t_z_report.md
Talon,talon,needs_research_or_confirmation,low,unresolved,unresolved,unresolved,unresolved,Research Talon syntax before seeding a registry entry.,unresolved,unresolved,docs/comment_research/chunk_7_t_z_report.md
Tea,tea,needs_research_or_confirmation,low,unresolved,unresolved,unresolved,unresolved,Verify Tea syntax before adding parser support.,unresolved,unresolved,docs/comment_research/chunk_7_t_z_report.md
Terra,terra,needs_research_or_confirmation,medium,--,--[[ ... ]],depth-qualified delimiters,yes,Verify Lua-style long-comment handling and add nested coverage if the grammar supports it.,unresolved,unresolved,docs/comment_research/chunk_7_t_z_report.md
Texinfo,texinfo,needs_research_or_confirmation,medium,@c` and `@comment,@ignore ... @end ignore,first closing delimiter wins,unsupported,Verify Texinfo comment and ignore-block behavior before seeding.,https://www.gnu.org/software/texinfo/manual/texinfo/html_node/Comments.html,unresolved,docs/comment_research/chunk_7_t_z_report.md
Text,text,resolved_non_actionable,high,unsupported,unsupported,unsupported,unsupported,Document as commentless.,unresolved,unresolved,docs/comment_research/chunk_7_t_z_report.md
TextMate Properties,textmate_properties,needs_research_or_confirmation,medium,#,unsupported,unsupported,unsupported,Verify the exact properties-file variant used in Stack v2 and add hash-comment tests if confirmed.,unresolved,unresolved,docs/comment_research/chunk_7_t_z_report.md
Textile,textile,needs_research_or_confirmation,low,unresolved,unresolved,unresolved,unresolved,Research Textile syntax before seeding a registry entry.,unresolved,unresolved,docs/comment_research/chunk_7_t_z_report.md
Turing,turing,needs_research_or_confirmation,low,unresolved,unresolved,unresolved,unresolved,Verify Turing comment syntax before seeding.,unresolved,unresolved,docs/comment_research/chunk_7_t_z_report.md
Type Language,type_language,needs_research_or_confirmation,low,unresolved,unresolved,unresolved,unresolved,Research the specific Stack v2 dialect before seeding.,unresolved,unresolved,docs/comment_research/chunk_7_t_z_report.md
Unity3D Asset,unity3d_asset,needs_research_or_confirmation,medium,#,unsupported,unsupported,unsupported,Verify the YAML-like asset format and keep block comments unsupported unless the grammar says otherwise.,unresolved,unresolved,docs/comment_research/chunk_7_t_z_report.md
Unix Assembly,unix_assembly,needs_research_or_confirmation,low,unresolved,unresolved,unresolved,unresolved,Verify the exact assembly dialect before seeding.,unresolved,unresolved,docs/comment_research/chunk_7_t_z_report.md
Uno,uno,needs_research_or_confirmation,medium,//,/* ... */,first closing delimiter wins,unsupported,Seed C-like comment tests after confirming the Uno grammar.,unresolved,unresolved,docs/comment_research/chunk_7_t_z_report.md
UrWeb,urweb,needs_research_or_confirmation,low,unresolved,unresolved,unresolved,unresolved,Research Ur/Web syntax before seeding.,unresolved,unresolved,docs/comment_research/chunk_7_t_z_report.md
VCL,vcl,needs_research_or_confirmation,low,unresolved,unresolved,unresolved,unresolved,Research the exact VCL dialect before seeding.,unresolved,unresolved,docs/comment_research/chunk_7_t_z_report.md
Valve Data Format,valve_data_format,needs_research_or_confirmation,medium,//,unresolved,unresolved,unresolved,Verify the exact VDF variant before seeding.,unresolved,unresolved,docs/comment_research/chunk_7_t_z_report.md
Vim Help File,vim_help_file,needs_research_or_confirmation,low,unresolved,unsupported,unsupported,unsupported,Verify help-file markup rules before seeding.,unresolved,unresolved,docs/comment_research/chunk_7_t_z_report.md
Vim Snippet,vim_snippet,needs_research_or_confirmation,low,unresolved,unresolved,unresolved,unresolved,Research the snippet dialect used in Stack v2 before seeding.,unresolved,unresolved,docs/comment_research/chunk_7_t_z_report.md
Volt,volt,needs_research_or_confirmation,low,unresolved,unresolved,unresolved,unresolved,Research Volt syntax before seeding.,unresolved,unresolved,docs/comment_research/chunk_7_t_z_report.md
Web Ontology Language,web_ontology_language,needs_research_or_confirmation,low,unresolved,unresolved,unresolved,unresolved,Research the specific serialization used in Stack v2 before seeding.,unresolved,unresolved,docs/comment_research/chunk_7_t_z_report.md
WebVTT,webvtt,needs_research_or_confirmation,medium,unsupported,NOTE ... blank line,first blank line wins,unsupported,Treat NOTE blocks as WebVTT comments and add parser tests for blank-line termination.,https://www.w3.org/TR/webvtt1/,unresolved,docs/comment_research/chunk_7_t_z_report.md
Whiley,whiley,needs_research_or_confirmation,medium,//,/* ... */,first closing delimiter wins,unsupported,Verify Whiley syntax before seeding.,unresolved,unresolved,docs/comment_research/chunk_7_t_z_report.md
Win32 Message File,win32_message_file,needs_research_or_confirmation,medium,;,unsupported,unsupported,unsupported,Verify message-file syntax and add semicolon-comment tests if confirmed.,unresolved,unresolved,docs/comment_research/chunk_7_t_z_report.md
Witcher Script,witcher_script,needs_research_or_confirmation,medium,//,/* ... */,first closing delimiter wins,unsupported,Verify Witcher Script syntax before seeding.,unresolved,unresolved,docs/comment_research/chunk_7_t_z_report.md
Wollok,wollok,needs_research_or_confirmation,medium,//,/* ... */,first closing delimiter wins,unsupported,Verify Wollok syntax before seeding.,unresolved,unresolved,docs/comment_research/chunk_7_t_z_report.md
World of Warcraft Addon Data,world_of_warcraft_addon_data,needs_research_or_confirmation,medium,--,--[[ ... ]],depth-qualified delimiters,yes,Seed Lua-style comment coverage and verify long-comment handling.,unresolved,unresolved,docs/comment_research/chunk_7_t_z_report.md
Wren,wren,needs_research_or_confirmation,medium,//,/* ... */,first closing delimiter wins,unsupported,Verify Wren comment syntax before seeding.,unresolved,unresolved,docs/comment_research/chunk_7_t_z_report.md
X BitMap,x_bit_map,needs_research_or_confirmation,low,unresolved,unresolved,unresolved,unresolved,Research the exact XBM representation before seeding.,unresolved,unresolved,docs/comment_research/chunk_7_t_z_report.md
X PixMap,x_pix_map,needs_research_or_confirmation,low,unresolved,unresolved,unresolved,unresolved,Research the exact XPM representation before seeding.,unresolved,unresolved,docs/comment_research/chunk_7_t_z_report.md
X10,x10,needs_research_or_confirmation,medium,//,/* ... */,first closing delimiter wins,unsupported,Verify X10 syntax before seeding.,unresolved,unresolved,docs/comment_research/chunk_7_t_z_report.md
XC,xc,needs_research_or_confirmation,medium,//,/* ... */,first closing delimiter wins,unsupported,Verify XC syntax before seeding.,unresolved,unresolved,docs/comment_research/chunk_7_t_z_report.md
XPages,xpages,needs_research_or_confirmation,medium,unsupported,<!-- ... -->,first closing delimiter wins,unsupported,Verify whether the Stack v2 corpus uses the XML layer or a scripting layer.,unresolved,unresolved,docs/comment_research/chunk_7_t_z_report.md
XS,xs,needs_research_or_confirmation,low,unresolved,unresolved,unresolved,unresolved,Research the exact XS dialect before seeding.,unresolved,unresolved,docs/comment_research/chunk_7_t_z_report.md
Xojo,xojo,needs_research_or_confirmation,medium,'` and `Rem,unsupported,unsupported,unsupported,Verify Xojo comment forms before seeding.,unresolved,unresolved,docs/comment_research/chunk_7_t_z_report.md
YANG,yang,needs_research_or_confirmation,medium,//,/* ... */,first closing delimiter wins,unsupported,Verify YANG comment syntax before seeding.,https://www.rfc-editor.org/rfc/rfc7950.html,unresolved,docs/comment_research/chunk_7_t_z_report.md
YASnippet,yasnippet,needs_research_or_confirmation,low,unresolved,unresolved,unresolved,unresolved,Research the snippet format before seeding.,unresolved,unresolved,docs/comment_research/chunk_7_t_z_report.md
Yacc,yacc,needs_research_or_confirmation,medium,//,/* ... */,first closing delimiter wins,unsupported,Verify the exact parser-generator dialect used in Stack v2.,unresolved,unresolved,docs/comment_research/chunk_7_t_z_report.md
ZIL,zil,needs_research_or_confirmation,low,unresolved,unresolved,unresolved,unresolved,Research ZIL syntax before seeding.,unresolved,unresolved,docs/comment_research/chunk_7_t_z_report.md
ZenScript,zenscript,needs_research_or_confirmation,medium,//,/* ... */,first closing delimiter wins,unsupported,Verify ZenScript syntax before seeding.,unresolved,unresolved,docs/comment_research/chunk_7_t_z_report.md
Zephir,zephir,needs_research_or_confirmation,medium,//,/* ... */,first closing delimiter wins,unsupported,Verify Zephir syntax before seeding.,unresolved,unresolved,docs/comment_research/chunk_7_t_z_report.md
Zimpl,zimpl,needs_research_or_confirmation,medium,#,unsupported,unsupported,unsupported,Seed hash-comment tests.,unresolved,unresolved,docs/comment_research/chunk_7_t_z_report.md
eC,ec,needs_research_or_confirmation,unresolved,unresolved,unresolved,unresolved,unresolved,verify the Ecere/eC reference before encoding comment syntax.,unresolved,src/ml4setk/Parsing/Comments/registry.py,docs/comment_research/chunk_2_d_f_report.md
kvlang,kvlang,needs_research_or_confirmation,candidate,#,unsupported,end of line,unsupported,add,Kivy language docs,kv parser,docs/comment_research/chunk_4_j_m_report.md
mIRC Script,mirc_script,needs_research_or_confirmation,candidate,;,unsupported,end of line,unsupported,add,mIRC docs,mIRC parser,docs/comment_research/chunk_4_j_m_report.md
mcfunction,mcfunction,needs_research_or_confirmation,candidate,#,unsupported,end of line,unsupported,add,unresolved,mcfunction parser,docs/comment_research/chunk_4_j_m_report.md
mupad,mupad,needs_research_or_confirmation,candidate,//,/* ... */,end of line for line comments; first closing delimiter wins for block comments,unsupported,confirm,unresolved,unresolved,docs/comment_research/chunk_4_j_m_report.md
nanorc,nanorc,needs_research_or_confirmation,medium,#,unsupported,newline,unsupported,add a line-comment fixture and verify the nano manual before registry changes.,unresolved,unresolved,docs/comment_research/chunk_5_n_p_report.md
nesC,nesc,needs_research_or_confirmation,medium,//,/* ... */,first closing delimiter wins,unsupported,add C-style fixtures and verify against the nesC reference.,unresolved,unresolved,docs/comment_research/chunk_5_n_p_report.md
ooc,ooc,needs_research_or_confirmation,medium,//,/* ... */,first closing delimiter wins,unsupported,add C-family fixtures and verify against ooc docs.,unresolved,unresolved,docs/comment_research/chunk_5_n_p_report.md
sed,sed,needs_research_or_confirmation,seeded-from-implementation,#,unsupported,line comments terminate at end-of-line; block comments unsupported,no,implement,unresolved,GitHub Linguist languages.yml,docs/comment_research/chunk_6_q_s_report.md
wdl,wdl,needs_research_or_confirmation,medium,#,unsupported,unsupported,unsupported,Verify the exact WDL dialect before seeding.,unresolved,unresolved,docs/comment_research/chunk_7_t_z_report.md
xBase,xbase,needs_research_or_confirmation,low,unresolved,unresolved,unresolved,unresolved,Research xBase syntax before seeding.,unresolved,unresolved,docs/comment_research/chunk_7_t_z_report.md
